date,lat,lon,type,road_ref,duration_hours,source_url
2021-06-14,25.1142,92.3685,landslide,NH-6,48.0,https://www.theshillongtimes.com/2021/06/15/sonapur-tunnel-blocked-by-massive-mudslide/
2021-07-02,25.7025,91.8741,waterlogging,NH-6,12.0,https://nenow.in/north-east-news/meghalaya/heavy-downpour-causes-waterlogging-at-nongpoh-nh6.html
2021-08-19,25.1321,92.3512,landslide,NH-6,36.0,https://eastmojo.com/meghalaya/2021/08/19/landslide-blocks-nh-6-in-east-jaintia-hills/
2021-09-24,24.9015,92.5920,flood,NH-6,72.0,https://sentinelassam.com/north-east-india-news/assam-news/barak-valley-submerged-nh-6-cut-off-near-badarpur/
2022-05-13,25.1145,92.3688,landslide,NH-6,96.0,https://pib.gov.in/PressReleasePage.aspx?PRID=1825102
2022-05-18,25.1582,92.3140,landslide,NH-6,120.0,https://www.ndtv.com/india-news/meghalaya-floods-landslides-cut-off-tripura-mizoram-via-nh-6-2987110
2022-06-16,25.1141,92.3684,landslide,NH-6,144.0,https://www.indiatoday.in/india/story/meghalaya-assam-nh6-blocked-sonapur-tunnel-landslide-1963402-2022-06-17
2022-06-20,24.8980,92.5830,flood,NH-6,168.0,https://timesofindia.indiatimes.com/city/guwahati/flood-situation-worsens-in-barak-valley-nh-6-inundated/articleshow/92330104.cms
2022-07-08,25.6812,91.8620,blockade,NH-6,18.0,https://meghalayamonitor.org/truckers-stranded-as-road-subsides-in-ri-bhoi/
2022-08-11,25.4215,92.1980,landslide,NH-6,24.0,https://theshillongtimes.com/2022/08/12/mudslip-near-jowai-cleared-after-24-hours/
2023-06-15,25.1143,92.3686,landslide,NH-6,110.0,https://www.thehindu.com/news/national/other-states/landslide-at-sonapur-tunnel-cuts-off-barak-valley-tripura-mizoram/article66972819.ece
2023-06-22,25.1410,92.3350,landslide,NH-6,54.0,https://hubnetwork.in/fresh-landslide-near-lumshnong-traffic-diverted/
2023-07-14,25.1144,92.3687,landslide,NH-6,42.0,https://eastmojo.com/meghalaya/2023/07/15/sonapur-tunnel-reopens-after-fresh-landslide/
2023-08-27,25.5670,92.0120,landslide,NH-6,16.0,https://theshillongtimes.com/2023/08/28/debris-cleared-near-shillong-bypass-junction/
2023-09-18,24.9120,92.5710,flood,NH-6,30.0,https://sentinelassam.com/cities/silchar/waterlogging-on-nh-6-stretch-between-panchgram-and-badarpur/
2024-05-28,25.1142,92.3685,landslide,NH-6,88.0,https://pib.gov.in/PressReleasePage.aspx?PRID=2021940
2024-06-02,25.1620,92.2980,landslide,NH-6,65.0,https://www.ndtv.com/india-news/cyclone-remal-aftermath-landslides-block-vital-nh6-in-meghalaya-5798201
2024-06-18,25.7510,91.8920,waterlogging,NH-6,14.0,https://nenow.in/north-east-news/meghalaya/flash-floods-hit-nh-6-in-byrnihat-traffic-halted.html
2024-07-09,25.1140,92.3689,landslide,NH-6,76.0,https://theshillongtimes.com/2024/07/10/sonapur-mudslide-stranded-thousands-of-essential-fuel-tankers/
2024-08-20,25.3850,92.2150,landslide,NH-6,20.0,https://hubnetwork.in/sludge-cleared-on-nh6-near-khliehriat-bypass/
2024-09-12,24.8720,92.6240,flood,NH-6,40.0,https://timesofindia.indiatimes.com/city/guwahati/barak-river-inundates-kalain-roadway-nh6/articleshow/113291040.cms
2025-05-15,25.1146,92.3686,landslide,NH-6,60.0,https://pib.gov.in/PressReleasePage.aspx?PRID=2098412
2025-06-08,25.1380,92.3410,landslide,NH-6,48.0,https://eastmojo.com/meghalaya/2025/06/08/kseh-bilat-subsidence-threatens-nh-6-connectivity/
2025-07-21,25.6450,91.8480,blockade,NH-6,12.0,https://meghalayamonitor.org/rockfall-near-umiam-dam-cleared-by-nhai/
2025-08-14,24.9350,92.5410,flood,NH-6,36.0,https://sentinelassam.com/cities/silchar/monsoon-spillover-cuts-nh-6-at-badarpur-ghat/
2026-06-04,25.1144,92.3685,landslide,NH-6,72.0,https://www.theshillongtimes.com/2026/06/05/sonapur-tunnel-debris-clearing-underway/
